CAMPO;DESCRICAO;GRUPO
ANOPESQ;Ano em que a pesquisa foi realizada;CADASTRO
PAIS;País;CADASTRO
REGEOGR;Região geográfica;CADASTRO
UFCENSO;Unidade da Federação;CADASTRO
MUNICIPIO_CAP;Município;CADASTRO
TIPO_MUNIC;Indicadora de município da capital;CADASTRO
VB00004;Prezado(a) estudante, você concorda em participar dessa pesquisa?;CADASTRO
VB01001;Qual é o seu sexo?;CADASTRO
VB01002;Qual é a sua cor ou raça?;CADASTRO
VB01003;Qual é a sua idade?;CADASTRO
VB01004;Qual é o mês do seu aniversário?;CADASTRO
VB01005;Em que ano você nasceu?;CADASTRO
VB01021;Em que ano/série você está?;ESCOLA
VB01022;Em que turno você estuda?;ESCOLA
VB01023;Você estuda em regime integral (tem atividades escolares por 7 horas ou mais horas diárias, durante todo o período escolar)?;ESCOLA
VB01024;Você estuda em regime de internato (a escola possui alojamento onde os alunos permanecem e dormem diariamente, durante todo o período escolar)?;ESCOLA
VB01025;Qual o grau de escolaridade mais elevado que você pretendo concluir?;ESCOLA
VB01026;Quando terminar o ciclo/curso que você está frequentando atualmente, você pretende?;ESCOLA
VB01006;Você mora com sua mãe?;FAMILIA
VB01007;Você mora com seu pai?;FAMILIA
VB01010A;Contando com você, quantas pessoas moram na sua casa ou apartamento?;FAMILIA
VB01013;Na sua casa tem telefone fixo (convencional)?;RENDA
VB01014;Você tem celular?;RENDA
VB01015A;Na sua casa tem computador (de mesa, ou netbook, laptop, etc)?;RENDA
VB01016;Você tem acesso à internet em sua casa?;RENDA
VB01017;Alguém que mora na sua casa tem carro?;RENDA
VB01018;Alguém que mora na sua casa tem moto?;RENDA
VB01019;Quantos banheiros com chuveiro têm dentro da sua casa?;RENDA
VB01020A;Tem empregado(a) doméstico(a) recebendo dinheiro para fazer o trabalho em sua casa, três ou mais dias por semana?;RENDA
VB01008A;Qual nível de ensino (grau) sua mãe estudou ou estuda?;ESCOLA
VB01011;Você tem algum trabalho, emprego ou negócio atualmente?;RENDA
VB01012;Você recebe dinheiro por este trabalho, emprego ou negócio?;RENDA
VB02019A;Você costuma tomar o café da manhã?;ALIMENTO
VB02017A;Você costuma almoçar ou jantar com sua mãe, pai ou responsável? ;ALIMENTO
VB02018A;Você costuma comer quando está assistindo à TV ou estudando?;ALIMENTO
VB02021;Sua escola oferece comida (merenda escolar/almoço) aos alunos da sua turma? (Não considerar lanches/comida comprados na cantina);ALIMENTO
VB02020A;Você costuma comer a comida (merenda/almoço) oferecida pela escola? (Não considerar lanches/comida comprados na cantina).;ALIMENTO
VB02001;NOS ÚLTIMOS 7 DIAS, em quantos dias você comeu feijão?;ALIMENTO
VB02002;NOS ÚLTIMOS 7 DIAS, em quantos dias você comeu salgados fritos? Exemplo: batata frita (sem contar a batata de pacote) ou salgados fritos como coxinha de galinha, quibe frito, pastel frito, acarajé etc.;ALIMENTO
VB02004A;NOS ÚLTIMOS 7 DIAS, em quantos dias você comeu pelo menos um tipo de legume ou verdura? Exemplos: alface, abóbora, brócolis, cebola, cenoura, chuchu, couve, espinafre, pepino, tomate etc. Não inclua batata e aipim (mandioca/macaxeira).;ALIMENTO
VB02010;NOS ÚLTIMOS 7 DIAS, em quantos dias você comeu guloseimas (doces, balas, chocolates, chicletes, bombons ou pirulitos)?;ALIMENTO
VB02011;NOS ÚLTIMOS 7 DIAS, em quantos dias você comeu frutas frescas ou salada de frutas? ;ALIMENTO
VB02013;NOS ÚLTIMOS 7 DIAS, em quantos dias você tomou refrigerante?;ALIMENTO
VB02022;NOS ÚLTIMOS 7 DIAS, em quantos dias você comeu alimentos industrializados/ultraprocessados salgados, como hambúrguer, presunto, mortadela, salame, linguiça, salsicha, macarrão instantâneo, salgadinho de pacote, biscoitos salgados?;ALIMENTO
VB02023;NOS ÚLTIMOS 7 DIAS, em quantos dias você comeu em restaurantes fast food, tais como lanchonetes, barracas de cachorro quentes, pizzaria etc?;ALIMENTO
VB02024;NOS ÚLTIMOS 30 DIAS, com que frequência você ficou com fome por não ter comida suficiente em sua casa?;ALIMENTO
VB02025;NOS ÚLTIMOS 30 DIAS, quantas vezes por dia você normalmente comeu frutas frescas ou salada de frutas?;ALIMENTO
VB02026;NOS ÚLTIMOS 30 DIAS, quantas vezes por dia você normalmente comeu legumes ou verduras, tais como alface, abóbora, brócolis, cebola, cenoura, chuchu, couve, espinafre, pepino, tomate etc? Não inclua batata e aipim (mandioca/macaxeira);ALIMENTO
VB02027;NOS ÚLTIMOS 30 DIAS, quantas vezes por dia você tomou refrigerante?;ALIMENTO
VB03001A1;NOS ÚLTIMOS 7 DIAS, em quantos dias você FOI a pé ou de bicicleta para a escola?;FISICO
VB03002A1;Quando você VAI para a escola a pé ou de bicicleta, quanto tempo você gasta?;FISICO
VB03001A2;NOS ÚLTIMOS 7 DIAS, em quantos dias você VOLTOU a pé ou de bicicleta da escola?;FISICO
VB03002A2;Quando você VOLTA da escola a pé ou de bicicleta, quanto tempo você gasta?;FISICO
VB03003A;NOS ÚLTIMOS 7 DIAS, quantos dias você teve aulas de educação física na escola?;FISICO
VB03005A;NOS ÚLTIMOS 7 DIAS, quanto tempo por dia você fez atividade física ou esporte durante as aulas de educação física na escola?;FISICO
VB03006A;NOS ÚLTIMOS 7 DIAS, sem contar as aulas de educação física da escola, em quantos dias você praticou alguma atividade física, como esportes, dança, ginástica, musculação, lutas ou outra atividade?;FISICO
VB03007;NORMALMENTE, quanto tempo por dia duram essas atividades (como esportes, dança, ginástica, musculação, lutas ou outra atividade) que você faz? (Sem contar as aulas de educação física);FISICO
VB03011A;NOS ÚLTIMOS 7 DIAS, em quantos dias você fez atividade física por pelo menos 60 minutos (1 hora) por dia? (Some todo o tempo que você gastou em qualquer tipo de atividade física EM CADA DIA);FISICO
TEMPODESLOC;Refere-se ao tempo médio diário acumulado pelo escolar, com o deslocamento da casa para escola e da escola para casa feito a pé ou de bicicleta, nos últimos sete dias anteriores à pesquisa. Em minutos.;FISICO
TEMPOEDFIS;Refere-se ao tempo médio acumulado, nos últimos sete dias anteriores à pesquisa, que o escolar fez atividade física ou esporte durante as aulas de educação física na escola. Em minutos.;FISICO
TEMPOEXTRA;Refere-se ao tempo médio diário acumulado pelo escolar com a prática de alguma atividade física extraescolar como esportes, dança, ginástica, musculação, lutas ou outra atividade, nos últimos sete dias anteriores à data da pesquisa. Em minutos;FISICO
TEMPOTOTAL;A atividade física acumulada foi estimada calculando o produto entre o número de dias e o tempo médio que os escolares gastam em atividades físicas, nos sete dias anteriores à pesquisa, considerando os seguintes domínios: ir e voltar da escola, aulas de educação física e outras atividades extraescolares. Em minutos.;FISICO
TEMPOEST;A atividade física globalmente estimada refere-se ao número de dias que os escolares declararam fazer, pelo menos, uma hora por dia de atividade física, nos sete dias anteriores à pesquisa. Em minutos.;FISICO
VB03008;Se você tivesse oportunidade de fazer atividade física na maioria dos dias da semana, qual seria a sua atitude?;FISICO
VB03009A;Em um dia de semana comum, quantas horas por dia você assiste a TV? (não contar sábado, domingo e feriado);SOCIAL
VB03010A;Em um dia de semana comum, quanto tempo você fica sentado(a), assistindo televisão, usando computador, jogando videogame, conversando com amigos(as) ou fazendo outras atividades sentado(a)? (não contar sábado, domingo, feriados e o tempo sentado na escola);SOCIAL
VB04001;Alguma vez na vida, você já fumou cigarro, mesmo uma ou duas tragadas? ;TABAGISMO
VB04002;Que idade você tinha quando experimentou fumar cigarro pela primeira vez?;TABAGISMO
VB04003;NOS ÚLTIMOS 30 DIAS, em quantos dias você fumou cigarros?;TABAGISMO
VB04009;NOS ÚLTIMOS 30 DIAS, em geral, como você conseguiu seus próprios cigarros?;TABAGISMO
VB04010;NOS ÚLTIMOS 30 DIAS, alguém se recusou a lhe vender cigarros por causa de sua idade?;TABAGISMO
VB04008A;NOS ÚLTIMOS 30 DIAS, em quantos dias você usou outros produtos de tabaco: cigarros de palha ou enrolados a mão, charuto, cachimbo, cigarrilha, cigarro indiano ou bali, narguilé, rapé, fumo de mascar etc? (não incluir cigarro comum);TABAGISMO
VB04011;Qual outro produto do tabaco você usou com mais frequência NOS ÚLTIMOS 30 DIAS?;TABAGISMO
VB04005;NOS ÚLTIMOS 7 DIAS, em quantos dias pessoas fumaram na sua presença?;TABAGISMO
VB04006A;Algum de seus pais ou responsáveis fuma? ;TABAGISMO
VB05002;Alguma vez na vida você tomou uma dose de bebida alcoólica? (Uma dose equivale a uma lata de cerveja ou uma taça de vinho ou uma dose de cachaça ou uísque etc);ALCOOL
VB05003;Que idade você tinha quando tomou a primeira dose de bebida alcoólica? (Uma dose equivale a uma lata de cerveja ou uma taça de vinho ou uma dose de cachaça ou uísque etc);ALCOOL
VB05004;NOS ÚLTIMOS 30 DIAS, em quantos dias você tomou pelo menos um copo ou uma dose de bebida alcoólica? (Uma dose equivale a uma lata de cerveja ou uma taça de vinho ou uma dose de cachaça ou uísque etc);ALCOOL
VB05005;NOS ÚLTIMOS 30 DIAS, nos dias em que você tomou alguma bebida alcoólica, quantos copos ou doses você tomou por dia? ;ALCOOL
VB05006A;NOS ÚLTIMOS 30 DIAS, na maioria das vezes, como você conseguiu a bebida que tomou?;ALCOOL
VB05007;Na sua vida, quantas vezes você bebeu tanto que ficou realmente bêbado(a)?;ALCOOL
VB05009;Na sua vida, quantas vezes você teve problemas com sua família ou amigos, perdeu aulas ou brigou por que tinha bebido?;ALCOOL
VB05010;Quantos amigos seus consomem bebida alcoólica?;ALCOOL
VB06001;Alguma vez na vida, você já usou alguma droga-como: maconha, cocaína, crack, loló, lança-perfume, ecstasy, oxy, etc?;DROGAS
VB06002;Que idade você tinha quando usou droga como maconha, cocaína, crack, cola, loló, lança-perfume, ecstasy, oxy ou outra, pela primeira vez?;DROGAS
VB06003A;NOS ÚLTIMOS 30 DIAS, quantos dias você usou droga como maconha, cocaína, crack, cola, loló, lança-perfume, ecstasy, oxy, etc?;DROGAS
VB06004A;NOS ÚLTIMOS 30 DIAS, quantos dias você usou maconha? ;DROGAS
VB06005A;NOS ÚLTIMOS 30 DIAS, quantos dias você usou crack?;DROGAS
VB06006;Quantos amigos seus usam drogas?;DROGAS
VB07001;NOS ÚLTIMOS 30 DIAS, em quantos dias você faltou às aulas ou à escola sem permissão dos seus pais ou responsáveis?;FAMILIA
VB07002;NOS ÚLTIMOS 30 DIAS, com que frequência seus pais ou responsáveis sabiam realmente o que você estava fazendo em seu tempo livre?;FAMILIA
VB07003;NOS ÚLTIMOS 30 DIAS, com que frequência seus pais ou responsáveis verificaram se os seus deveres de casa (lição de casa) foram feitos?;FAMILIA
VB07004;NOS ÚLTIMOS 30 DIAS, com que frequência seus pais ou responsáveis entenderam seus problemas e preocupações?;FAMILIA
VB07005;NOS ÚLTIMOS 30 DIAS, com que frequência seus pais ou responsáveis mexeram em suas coisas sem a sua concordância?;FAMILIA
VB07006;NOS ÚLTIMOS 30 DIAS, com que frequência os colegas de sua escola trataram você bem e/ou foram prestativos contigo?;SOCIAL
VB07007;NOS ÚLTIMOS 30 DIAS, com que frequência algum dos seus colegas de escola te esculacharam, zoaram, mangaram, intimidaram ou caçoaram tanto que você ficou magoado, incomodado, aborrecido, ofendido ou humilhado?;SOCIAL
VB07008;NOS ÚLTIMOS 30 DIAS, qual o motivo/causa de seus colegas terem te esculachado, zombado, zoado, caçoado, mangado, intimidado ou humilhado?;SOCIAL
VB07009;NOS ÚLTIMOS 30 DIAS, você esculachou, zombou, mangou, intimidou ou caçoou algum de seus colegas da escola tanto que ele ficou magoado, aborrecido, ofendido ou humilhado?;SOCIAL
VB07010;Você já sofreu bullying?;SOCIAL
VB12001;NOS ÚLTIMOS 12 MESES com que frequência tem se sentido sozinho(a)? ;SOCIAL
VB12002;NOS ÚLTIMOS 12 MESES, com que frequência você não conseguiu dormir à noite porque algo o(a) preocupava muito? ;SOCIAL
VB12003;Quantos amigos(as) próximos você tem?;SOCIAL
VB08001;Você já teve relação sexual (transou) alguma vez?;SEXUALIDADE
VB08002;Que idade você tinha quando teve relação sexual (transou) pela primeira vez?;SEXUALIDADE
VB08011;Você usou preservativo na primeira relação sexual?;SEXUALIDADE
VB08003A;Na sua vida, com quantas pessoas você teve relações sexuais (transou)?;SEXUALIDADE
VB08005;Na última vez que você teve relação sexual (transou), você ou seu(sua) parceiro(a) usou algum método para evitar a gravidez e/ou Doenças Sexualmente Transmissíveis (DST);SEXUALIDADE
VB08006;Na última vez que você teve relação sexual (transou), você ou seu(sua) parceiro(a) usou camisinha (preservativo)?;SEXUALIDADE
VB08007;Na última vez que você teve relação sexual (transou), você ou seu(sua) parceiro(a) usou algum outro método para evitar a gravidez (não contar camisinha)?T);SEXUALIDADE
VB08012;Nesta última vez que você teve relação sexual (transou), qual outro método para evitar gravidez você ou sua parceira usou?;SEXUALIDADE
VB08013;Alguma vez na vida você engravidou?;SEXUALIDADE
VB08008;Na escola, você já recebeu orientação sobre prevenção de gravidez?;SEXUALIDADE
VB08009;Na escola, você já recebeu orientação sobre AIDS ou outras Doenças Sexualmente Transmissíveis (DST)?;SEXUALIDADE
VB08010;Na escola, você já recebeu orientação sobre como conseguir camisinha (preservativo) gratuitamente? ;SEXUALIDADE
VB10004;NOS ÚLTIMOS 30 DIAS, com que frequência você lavou as mãos antes de comer?;SAUDE
VB10005;NOS ÚLTIMOS 30 DIAS, com que frequência você lavou as mãos após usar o banheiro ou o vaso sanitário?;SAUDE
VB10006;NOS ÚLTIMOS 30 DIAS, com que frequência você usou sabão ou sabonete quando lavou suas mãos?;SAUDE
VB10001A;NOS ÚLTIMOS 30 DIAS, quantas vezes por dia você usualmente escovou os dentes?;SAUDE
VB10002;NOS ÚLTIMOS 6 MESES, você teve dor de dente? (excluir dor de dente causada por uso de aparelho);SAUDE
VB10003;NOS ÚLTIMOS 12 MESES, quantas vezes você foi ao dentista?;SAUDE
VB09001;NOS ÚLTIMOS 30 DIAS, em quantos dias você deixou de ir à escola porque não se sentia seguro no caminho de casa para a escola ou da escola para casa?;SEGURANCA
VB09002;NOS ÚLTIMOS 30 DIAS, em quantos dias você não foi à escola porque não se sentia seguro na escola?;SEGURANCA
VB09006A1;NOS ÚLTIMOS 30 DIAS, com que frequência você usou cinto de segurança enquanto andava como passageiro(a) no BANCO DA FRENTE de carro/automóvel, van ou táxi?;SEGURANCA
VB09006A2;NOS ÚLTIMOS 30 DIAS, com que frequência você usou cinto de segurança enquanto andava como passageiro(a) no BANCO DE TRÁS de carro/automóvel, van ou táxi?;SEGURANCA
VB09007A;NOS ÚLTIMOS 30 DIAS, com que frequência você usou capacete ao andar de motocicleta?;SEGURANCA
VB09008;NOS ÚLTIMOS 30 DIAS, quantas vezes você dirigiu um veículo motorizado de transporte (carro, motocicleta, voadeira, barco)?;SEGURANCA
VB09009;NOS ÚLTIMOS 30 DIAS, quantas vezes você andou em carro ou outro veículo motorizado dirigido por alguém que tinha consumido alguma bebida alcoólica?;SEGURANCA
VB09003;NOS ÚLTIMOS 30 DIAS, quantas vezes você foi agredido(a) fisicamente por um adulto da sua família?;VIOLENCIA
VB09004;NOS ÚLTIMOS 30 DIAS, você esteve envolvido(a) em alguma briga em que alguma pessoa usou arma de fogo, como revólver ou espingarda?;VIOLENCIA
VB09005;NOS ÚLTIMOS 30 DIAS, você esteve envolvido(a) em alguma briga em que alguma pessoa usou alguma outra arma como faca, canivete, peixeira, pedra, pedaço de pau ou garrafa?;VIOLENCIA
VB09010;NOS ÚLTIMOS 12 MESES, quantas vezes você foi agredido(a) fisicamente?;VIOLENCIA
VB09011;NOS ÚLTIMOS 12 MESES, quantas vezes você se envolveu em briga (uma luta física)?;VIOLENCIA
VB09012;NOS ÚLTIMOS 12 MESES, quantas vezes você foi seriamente ferido(a)?;VIOLENCIA
VB09013A;NOS ÚLTIMOS 12 MESES, qual foi o ferimento ou a lesão mais séria que aconteceu com você?;VIOLENCIA
VB09014A;NOS ÚLTIMOS 12 MESES, qual foi a principal causa do ferimento ou da lesão mais séria que aconteceu com você?;VIOLENCIA
VB09015;NOS ÚLTIMOS 12 MESES, você sofreu algum acidente de bicicleta (caiu e se machucou)?;SEGURANCA
VB09016;Alguma vez na vida você foi forçado a ter relação sexual? ;ABUSO SEXUAL
VB0901701;Um(a) namorado(a)/ex-namorado(a) forçou você a ter relação sexual?;ABUSO SEXUAL
VB0901702;Um(a) amigo(a) forçou você a ter relação sexual?;ABUSO SEXUAL
VB0901703;Seu pai/mãe/padastro/madrasta forçou você a ter relação sexual?;ABUSO SEXUAL
VB0901704;Outros familiares forçaram você a ter relação sexual?;ABUSO SEXUAL
VB0901705;Um(a) desconhecido(a) forçou você a ter relação sexual?;ABUSO SEXUAL
VB0901706;Outras pessoas forçaram você a ter relação sexual?;ABUSO SEXUAL
VB13005;Como você classificaria seu estado de saúde?;SAUDE
VB13006;NOS ÚLTIMOS 12 MESES, quantos dias você faltou a escola por motivo(s) relacionado(s) à sua saúde?;SAUDE
VB13001;NOS ÚLTIMOS 12 MESES você procurou algum serviço ou profissional de saúde para atendimento relacionado à própria saúde? ;SAUDE
VB13002A;NOS ÚLTIMOS 12 MESES, qual foi o serviço de saúde que você procurou com MAIS FREQUÊNCIA?;SAUDE
VB13004A;Você foi atendido NA ÚLTIMA VEZ que procurou alguma Unidade Básica de Saúde (Centro ou Posto de saúde ou Unidade de Saúde da Família/PSF), NESTES ÚLTIMOS 12 MESES?;SAUDE
VB13007;Qual foi o PRINCIPAL MOTIVO da sua procura na Unidade Básica de Saúde (Centro ou Posto de saúde ou Unidade de Saúde da Família/PSF) NESTA ÚLTIMA VEZ?;SAUDE
VB13008;Você conhece/ouviu falar sobre a campanha de vacinação contra o vírus HPV?;SAUDE
VB13009;Você foi vacinada contra o vírus HPV?;SAUDE
VB14001;NOS ÚLTIMOS 12 MESES, você teve chiado (ou piado) no peito? ;SAUDE
VB14002;Você teve asma alguma vez na vida?;SAUDE
VB11006;Você considera sua imagem corporal como sendo algo:;AUTO ESTIMA
VB11007;Como você se sente em relação ao seu corpo?;AUTO ESTIMA
VB11001;Quanto ao seu corpo, você se considera: ;AUTO ESTIMA
VB11002;O que você está fazendo em relação a seu peso?;PESO
VB11003;NOS ÚLTIMOS 30 DIAS, você vomitou ou tomou laxantes para perder peso ou evitar ganhar peso? ;PESO
VB11004A;NOS ÚLTIMOS 30 DIAS, você tomou algum remédio, fórmula ou outro produto para perder peso, sem acompanhamento médico?;PESO
VB11005;NOS ÚLTIMOS 30 DIAS, você tomou algum remédio, fórmula ou outro produto para ganhar peso ou massa muscular sem acompanhamento médico? ;PESO
VB16001A01;Você achou este questionário fácil?;FEEDBACK
VB16001A02;Você achou este questionário difícil?;FEEDBACK
VB16001A03;Você achou este questionário chato?;FEEDBACK
VB16001A04;Você achou este questionário legal?;FEEDBACK
VB16001A05;Você achou este questionário interessante?;FEEDBACK
VB16001A06;Você achou este questionário informativo?;FEEDBACK
VB16001A07;Você achou este questionário cansativo?;FEEDBACK
VB16001A08;Você achou este questionário constrangedor?;FEEDBACK
ESTRATOGEOREG;Indicador de estrato georeg;CADASTRO
ESTRATO_EXP;Expressão do estrato;CADASTRO
PESO;Peso do aluno de acordo com a amostra, utilizado para expansão;CADASTRO
aluno;contador de aluno;CADASTRO
escola;UPA (unidade primária de amostragem);CADASTRO
turma;USA (unidade secundária de amostragem);CADASTRO
V0006;Situação da escola;ESCOLA
V0007;Dependência Administrativa da escola;ESCOLA
V0008;Esfera Administrativa da escola;ESCOLA
VE01P3001;A escola funciona no turno da Manhã?;ESCOLA
VE01P3002;A escola funciona no turno Intermediário (parte manhã, parte tarde)?;ESCOLA
VE01P3003;A escola funciona no turno da Tarde?;ESCOLA
VE01P3004;A escola funciona no turno da Noite?;ESCOLA
VE01P31;A escola funciona em regime integral?;ESCOLA
VE01P32;A escola funciona em regime de internato?;ESCOLA
VE01P03A01;A escola atende a etapa de ensino Educação Infantil (creche, pré-escola)?;ESCOLA
VE01P03A02;A escola atende a etapa de ensino Ensino Fundamental (8 anos, 9 anos)?;ESCOLA
VE01P03A03;A escola atende a etapa de ensino Ensino Médio (médio, integrado, normal/magistério, educação profissional)?;ESCOLA
VE01P03A04;A escola atende a etapa de ensino Educação de Jovens e Adultos (fundamental, projovem urbano, médio)?;ESCOLA
VE01P02A;Qual é o TOTAL de alunos matriculados?;ESCOLA
VE01P04A;Qual é a quantidade TOTAL de salas de aula da escola?;ESCOLA
VE01P01;Qual a faixa de valor da mensalidade do 9º ano na escola? (se não houver 9º ano, considerar 1º ano do Ensino Médio);ESCOLA
VE01P05A;A escola tem biblioteca EM CONDIÇÕES DE USO?;ESCOLA
VE01P06A;A escola tem sala ou laboratório de informática EM CONDIÇÕES DE USO para os alunos?;ESCOLA
VE01P33;Quantos computadores (desktops, laptops, notebooks, netbooks, tablets) da escola e EM CONDIÇÕES DE USO estão disponíveis para os alunos em sala ou salas específicas de informática?;ESCOLA
VE01P09;Os alunos têm acesso à internet através de equipamentos da escola?;ESCOLA
VE01P10A;A escola tem sala de recursos de mídia/comunicação EM CONDIÇÕES DE USO? (Exemplos: televisão, videocassete, dvd, projetor etc);ESCOLA
VE01P23;A escola tem conselho escolar?;ESCOLA
VE01P24A;Com que frequência o conselho escolar se reúne?;ESCOLA
VE01P34;A escola fica aberta nos finais de semana para uso da comunidade?;ESCOLA
VE01P35;As ações desenvolvidas na escola, no final de semana, são pactuadas com a comunidade?;ESCOLA
VE01P15A;A escola tem quadra de esportes EM CONDIÇÕES DE USO?;ESCOLA
VE01P16A;Quantas quadras de esporte EM CONDIÇÕES DE USO a escola tem?;ESCOLA
VE01P17A;Quantas das quadras de esporte EM CONDIÇÕES DE USO da escola são cobertas?;ESCOLA
VE01P18A;A escola tem pista para corrida/atletismo EM CONDIÇÕES DE USO?;ESCOLA
VE01P20;A escola tem piscina EM CONDIÇÕES DE USO?;ESCOLA
VE01P19;O pátio da escola é utilizado para prática regular de atividade física com instrutor?;ESCOLA
VE01P36;A escola tem material esportivo ou para jogos e brincadeiras EM CONDIÇÕES DE USO?;ESCOLA
VE01P21;A escola tem vestiário EM CONDIÇÕES DE USO para os alunos?;ESCOLA
VE01P37;A escola tem vestiários separados para alunos e alunas EM CONDIÇÕES DE USO?;ESCOLA
VE01P22;A escola oferece atividades esportivas para os alunos fora do horário regular de aula?;ESCOLA
VE01P38;A escola participa de jogos entre escolas?;ESCOLA
VE01P39;A escola realiza jogos entre as classes, turmas ou turnos?;ESCOLA
VE01P40;A escola possui alunos com deficiência ou com transtorno global do desenvolvimento?;ESCOLA
VE01P4101;A escola possui alunos com deficiência intelectual?;ESCOLA
VE01P4102;A escola possui alunos com transtornos do espectro do autismo?;ESCOLA
VE01P4103;A escola possui alunos com transtornos mentais e de comportamento?;ESCOLA
VE01P4104;A escola possui alunos com deficiência física?;ESCOLA
VE01P4105;A escola possui alunos com deficiência auditiva?;ESCOLA
VE01P4106;A escola possui alunos com deficiência visual?;ESCOLA
VE01P4107;A escola possui alunos com deficiência múltipla (2 ou mais deficiências ao mesmo tempo)?;ESCOLA
VE01P4108;A escola possui alunos com outras deficiências?;ESCOLA
VE01P42;A escola oferece atividade física adaptada para alunos com deficiência?;ESCOLA
VE01P43;A escola possui estrutura para assegurar a acessibilidade dos alunos com necessidades especiais?;ESCOLA
VE01P4401;A escola possui rampas de acesso? ;ESCOLA
VE01P4402;A escola possui interior adequado para locomoção? ;ESCOLA
VE01P4403;A escola possui móveis adequados para alunos com necessidade especiais? ;ESCOLA
VE01P4404;A escola possui sanitário adequado para alunos com necessidades especiais?;ESCOLA
VE01P45;A escola oferece comida (merenda escolar / almoço) para os estudantes?;ESCOLA
VE01P4601;A escola oferece comida (merenda escolar / almoço) para alunos do turno da manhã?;ESCOLA
VE01P4602;A escola oferece comida (merenda escolar / almoço) para alunos do turno intermediário?;ESCOLA
VE01P4603;A escola oferece comida (merenda escolar / almoço) para alunos do turno da tarde?;ESCOLA
VE01P4604;A escola oferece comida (merenda escolar / almoço) para alunos do turno da noite?;ESCOLA
VE01P4605;A escola oferece comida (merenda escolar / almoço) para alunos do turno integral?;ESCOLA
VE01P4606;A escola oferece comida (merenda escolar / almoço) para alunos em regime de internato?;ESCOLA
VE01P4607;A escola oferece comida (merenda escolar / almoço) para alunos do nível de Educação Infantil?;ESCOLA
VE01P4608;A escola oferece comida (merenda escolar / almoço) para alunos do 1º a 5º ano do Ensino Fundamental?;ESCOLA
VE01P4609;A escola oferece comida (merenda escolar / almoço) para alunos do 6º a 9º ano do Ensino Fundamental?;ESCOLA
VE01P4610;A escola oferece comida (merenda escolar / almoço) para alunos do Ensino Médio?;ESCOLA
VE01P4611;A escola oferece comida (merenda escolar / almoço) para alunos do nível de Educação de Jovens e Adultos (EJA)?;ESCOLA
VE01P47;A escola tem cozinha EM CONDIÇÕES DE USO?;ESCOLA
VE01P48;A escola tem refeitório EM CONDIÇÕES DE USO? (espaço exclusivo para servir alimentação);ESCOLA
VE01P11;A escola tem cantina?;ALIMENTO
VE01P12A01;A cantina vende refrigerante?;ALIMENTO
VE01P12A02;A cantina vende suco ou refresco natural de frutas;ALIMENTO
VE01P12A03;A cantina vende bebicas açucaradas (suco artificial, chá gelado, isotônicos, águas com sabor, energéticos, leite de soja etc. Não contar bebida láctea);ALIMENTO
VE01P12A04;A cantina vende leite ou bebida a base de leite (excluir leite de soja);ALIMENTO
VE01P12A05;A cantina vende salgados fritos (coxinha, pastel, quibe, batata frita etc);ALIMENTO
VE01P12A06;A cantina vende salgados assados (pastel, empada, esfirra etc);ALIMENTO
VE01P12A07;A cantina vende salgadinhos industrializados vendidos em pacotes, tipo “chips” e outros (incluindo batata frita de pacote);ALIMENTO
VE01P12A08;A cantina vende biscoitos ou bolachas salgadas ou doces;ALIMENTO
VE01P12A09;A cantina vende balas, confeitos, doces, chocolates, sorvetes, dim-dim, sacolé, chupe-chupe e outros;ALIMENTO
VE01P12A10;A cantina vende sanduíches (cachorro quente, misto quente, hambúrguer etc);ALIMENTO
VE01P12A11;A cantina vende frutas frescas ou salada de frutas;ALIMENTO
VE01P13;Existe algum ponto alternativo de venda de produtos alimentícios dentro ou na entrada da escola? (ex: ambulante/carrocinha);ALIMENTO
VE01P14A01;O ponto alternativo vende refrigerante?;ALIMENTO
VE01P14A02;O ponto alternativo vende suco ou refresco natural de frutas;ALIMENTO
VE01P14A03;O ponto alternativo vende bebicas açucaradas (suco artificial, chá gelado, isotônicos, águas com sabor, energéticos, leite de soja etc. Não contar bebida láctea);ALIMENTO
VE01P14A04;O ponto alternativo vende leite ou bebida a base de leite (excluir leite de soja);ALIMENTO
VE01P14A05;O ponto alternativo vende salgados fritos (coxinha, pastel, quibe, batata frita etc);ALIMENTO
VE01P14A06;O ponto alternativo vender salgados assados (pastel, empada, esfirra etc);ALIMENTO
VE01P14A07;O ponto alternativo vende salgadinhos industrializados vendidos em pacotes, tipo “chips” e outros (incluindo batata frita de pacote);ALIMENTO
VE01P14A08;O ponto alternativo vende biscoitos ou bolachas salgadas ou doces;ALIMENTO
VE01P14A09;O ponto alternativo vende balas, confeitos, doces, chocolates, sorvetes, dim-dim, sacolé, chupe-chupe e outros;ALIMENTO
VE01P14A10;O ponto alternativo vende sanduíches (cachorro quente, misto quente, hambúrguer etc);ALIMENTO
VE01P14A11;O ponto alternativo vende frutas frescas ou salada de frutas;ALIMENTO
VE01P49;A escola tem horta?;ALIMENTO
VE01P50;A escola tem água potável (adequada para beber) para uso dos alunos?;SAUDE
VE01P51;NOS ÚLTIMOS 12 MESES, alguma vez a água da escola foi testada quanto a sua potabilidade (se é adequada para beber)?;SAUDE
VE01P52;Qual é a principal fonte de água potável (adequada para beber) da escola?;SAUDE
VE01P53;A escola tem banheiros EM CONDIÇÕES DE USO?;SAUDE
VE01P54;A escola tem banheiros separados para alunos e alunas EM CONDIÇÕES DE USO?;SAUDE
VE01P55;A escola oferece papel higiênico para uso nos banheiros da escola?;SAUDE
VE01P56;A escola tem pia ou lavatório EM CONDIÇÕES DE USO onde os estudantes possam lavar as mãos depois de ir ao banheiro e/ou antes das refeições?;SAUDE
VE01P57;A escola oferece sabão para que os alunos lavem as mãos após usar o banheiro e/ou antes das refeições?;SAUDE
VE01P58;Normalmente, com que frequência a remoção do lixo é feita pela escola?;SAUDE
VE01P25;NOS ÚLTIMOS 12 MESES, com que frequência, a localidade onde a escola está situada foi considerada área de risco em termos de violência (roubos, furtos, assaltos, troca de tiros, consumo de drogas, homicídios etc)?;SAUDE
VE01P59;NOS ÚLTIMOS 12 MESES, a escola teve que suspender ou interromper suas aulas por motivo de segurança em termos de violência?;SAUDE
VE01P60;A escola tem algum grupo ou comitê responsável por orientar ou coordenar ações e/ou atividades relacionadas à saúde?;SAUDE
VE01P61;A escola aderiu ao Programa Saúde da Escola (PSE)?;SAUDE
VE01P62;A escola implementa ações do Programa Saúde da Escola (PSE)?;SAUDE
VE01P63;Sua escola implementa ações do Programa Mais Educação?;SAUDE
VE01P64;A escola realiza ações conjuntas com Unidade Básica de Saúde ou Equipe de Saúde da Família ou Equipe de Atenção Básica?;SAUDE
VE01P65;A escola mantém registros sobre a caderneta de vacinação dos escolares?;SAUDE
VE01P66;A escola mantém outros registros sobre a saúde dos escolares? (histórico clínico, ocorrência de alergias, acidentes, tipo sanguíneo, doenças etc);SAUDE
VE01P67;A escola tem material e/ou medicamentos de Primeiros Socorros mantidos em local adequado?;SAUDE
VE01P26;A escola tem conhecimento de consumo de cigarro por professores nas suas dependências?;TABAGISMO
VE01P27;A escola tem conhecimento de consumo de cigarro por alunos nas suas dependências?;TABAGISMO
VE01P28A;A escola tem alguma política, norma ou regra escrita que proíba o uso do tabaco nas suas dependências?;TABAGISMO
VE01P68;A escola tem alguma política, norma ou regra escrita que proíba o consumo de bebidas alcoólicas nas suas dependências?;ALCOOL
VE01P69;A escola tem alguma política, norma ou regra escrita que proíba o uso de drogas ilícitas nas suas dependências?;DROGAS
VE01P70;A escola tem alguma política, norma ou regra escrita que proíba bullying nas suas dependências?;VIOLENCIA
VE01P71;A escola tem alguma política, norma ou regra escrita que proíba brigas nas suas dependências?;VIOLENCIA
VE01P72;A escola tem alguma política, norma ou regra escrita que proíba punição física dos estudantes pelos professores ou funcionários nas suas dependências?;VIOLENCIA
V0041;Tipo de escola privada;CADASTRO
